manufacturer,model,battery_capacity_kwh,energy_consumption_kwh_per_km
Tata,Nexon EV (Long Range),40.5,0.143
Tata,Punch EV (Empowered+),35.0,0.133
Tata,Curvv EV (55 kWh),55.0,0.139
Tata,Tiago EV (Long Range),24.0,0.125
Mahindra,XUV400 EL Pro,39.4,0.154
MG,ZS EV Exclusive,50.3,0.161
MG,Windsor EV (38 kWh),38.0,0.143
MG,Comet EV,17.3,0.100
Hyundai,Ioniq 5,72.6,0.167
Hyundai,Kona Electric,39.2,0.130
Kia,EV6 GT-Line,77.4,0.161
BYD,Atto 3,60.5,0.156
BYD,Seal (Premium),82.5,0.147
BYD,e6 MPV,71.7,0.170
Tesla,Model 3 (Standard RWD),60.0,0.143
Tesla,Model 3 (Long Range),78.1,0.148
Tesla,Model Y (Long Range),75.0,0.167
BMW,i4 eDrive40,83.9,0.154
BMW,iX1 xDrive30,66.5,0.175
Audi,e-tron 55 quattro,95.0,0.220
Mercedes-Benz,EQB 350 4MATIC,70.5,0.182
Volvo,XC40 Recharge,78.0,0.185
