hour,weekday,is_weekend,Station_Capacity_EV,Charging_Rate_kW,Time_Spent_Charging_mins,Fleet_Size,occupancy_ratio
0,0,0,8,60,45.0,12,0.25
1,0,0,8,60,40.0,10,0.12
2,0,0,6,50,45.0,8,0.00
3,0,0,6,50,50.0,6,0.00
4,0,0,10,120,35.0,15,0.10
5,0,0,10,120,30.0,20,0.20
6,0,0,12,150,25.0,30,0.42
7,0,0,12,150,28.0,40,0.58
8,0,0,16,180,22.0,55,0.75
9,0,0,16,180,20.0,60,0.88
10,0,0,12,120,30.0,48,0.83
11,0,0,12,120,32.0,45,0.75
12,0,0,10,60,45.0,38,0.70
13,0,0,10,60,42.0,35,0.60
14,0,0,8,50,48.0,30,0.62
15,0,0,12,120,35.0,42,0.67
16,0,0,12,120,30.0,46,0.75
17,0,0,16,150,25.0,58,0.88
18,0,0,16,180,22.0,65,0.94
19,0,0,16,180,24.0,62,0.88
20,0,0,12,120,30.0,50,0.75
21,0,0,10,60,40.0,35,0.60
22,0,0,8,60,45.0,25,0.38
23,0,0,8,50,50.0,18,0.25
8,1,0,12,120,28.0,50,0.75
9,1,0,16,180,20.0,62,0.88
10,1,0,16,180,22.0,58,0.81
11,1,0,12,150,26.0,44,0.67
17,1,0,16,150,25.0,55,0.81
18,1,0,16,180,20.0,68,0.94
19,1,0,12,120,28.0,52,0.83
8,2,0,10,60,42.0,40,0.70
9,2,0,12,120,30.0,48,0.75
12,2,0,16,180,22.0,50,0.69
18,2,0,16,180,20.0,64,0.88
19,2,0,12,150,25.0,55,0.83
9,3,0,16,180,22.0,60,0.88
13,3,0,10,60,40.0,36,0.60
18,3,0,16,180,20.0,66,0.94
20,3,0,12,120,30.0,45,0.67
9,4,0,16,180,20.0,65,0.88
12,4,0,12,120,30.0,46,0.75
17,4,0,16,180,22.0,60,0.88
18,4,0,16,180,18.0,72,1.00
19,4,0,12,150,24.0,58,0.92
20,4,0,10,120,30.0,48,0.80
21,4,0,8,60,40.0,32,0.62
8,5,1,10,60,45.0,30,0.50
9,5,1,12,120,32.0,42,0.67
10,5,1,16,180,24.0,56,0.81
11,5,1,16,180,22.0,60,0.88
12,5,1,16,150,26.0,58,0.88
13,5,1,12,120,30.0,48,0.75
14,5,1,10,60,40.0,40,0.70
15,5,1,12,120,32.0,45,0.75
16,5,1,16,150,28.0,54,0.81
17,5,1,16,180,22.0,62,0.88
18,5,1,16,180,20.0,68,0.94
19,5,1,16,180,22.0,65,0.88
20,5,1,12,120,28.0,50,0.75
21,5,1,10,60,40.0,38,0.60
22,5,1,8,50,48.0,22,0.38
9,6,1,12,120,35.0,40,0.67
10,6,1,16,180,25.0,52,0.75
11,6,1,16,180,22.0,58,0.88
12,6,1,16,150,26.0,55,0.81
13,6,1,12,120,30.0,46,0.75
14,6,1,10,60,42.0,38,0.60
15,6,1,12,120,32.0,44,0.75
16,6,1,16,150,28.0,52,0.81
17,6,1,16,180,22.0,60,0.88
18,6,1,16,180,20.0,65,0.94
19,6,1,16,180,22.0,62,0.88
20,6,1,12,120,30.0,48,0.75
21,6,1,10,60,40.0,32,0.50
22,6,1,8,50,45.0,20,0.25
