station_id,time_window,predicted_waiting_time_min,confidence_score,predicted_queue_len,historical_avg_wait_min
CS-DEL-JAI-01,Morning (06:00-12:00),15.0,0.91,2,14.2
CS-DEL-JAI-01,Afternoon (12:00-18:00),22.0,0.88,3,20.5
CS-DEL-JAI-01,Evening (18:00-24:00),28.0,0.85,4,26.8
CS-DEL-JAI-01,Night (00:00-06:00),5.0,0.95,0,4.8
CS-DEL-JAI-02,Morning (06:00-12:00),8.0,0.94,1,9.0
CS-DEL-JAI-02,Afternoon (12:00-18:00),12.0,0.90,1,11.5
CS-DEL-JAI-02,Evening (18:00-24:00),18.0,0.87,2,16.2
CS-DEL-JAI-02,Night (00:00-06:00),0.0,0.98,0,1.2
CS-DEL-JAI-03,Morning (06:00-12:00),10.0,0.92,1,11.0
CS-DEL-JAI-03,Afternoon (12:00-18:00),15.0,0.89,2,14.5
CS-DEL-JAI-03,Evening (18:00-24:00),20.0,0.86,3,19.0
CS-DEL-JAI-03,Night (00:00-06:00),2.0,0.96,0,3.0
CS-DEL-JAI-04,Morning (06:00-12:00),6.0,0.93,1,7.2
CS-DEL-JAI-04,Afternoon (12:00-18:00),14.0,0.89,2,13.8
CS-DEL-JAI-04,Evening (18:00-24:00),16.0,0.88,2,15.5
CS-DEL-JAI-04,Night (00:00-06:00),0.0,0.97,0,1.5
CS-DEL-JAI-05,Morning (06:00-12:00),4.0,0.95,0,5.0
CS-DEL-JAI-05,Afternoon (12:00-18:00),7.0,0.93,1,7.8
CS-DEL-JAI-05,Evening (18:00-24:00),12.0,0.90,1,11.2
CS-DEL-JAI-05,Night (00:00-06:00),0.0,0.99,0,0.5
CS-DEL-JAI-06,Morning (06:00-12:00),18.0,0.88,2,17.5
CS-DEL-JAI-06,Afternoon (12:00-18:00),25.0,0.84,3,24.0
CS-DEL-JAI-06,Evening (18:00-24:00),30.0,0.82,4,29.5
CS-DEL-JAI-06,Night (00:00-06:00),8.0,0.92,1,7.5
CS-DEL-JAI-07,Morning (06:00-12:00),5.0,0.94,1,6.0
CS-DEL-JAI-07,Afternoon (12:00-18:00),10.0,0.91,1,9.8
CS-DEL-JAI-07,Evening (18:00-24:00),14.0,0.89,2,13.5
CS-DEL-JAI-07,Night (00:00-06:00),0.0,0.97,0,1.0
CS-DEL-JAI-08,Morning (06:00-12:00),12.0,0.90,1,11.8
CS-DEL-JAI-08,Afternoon (12:00-18:00),18.0,0.87,2,17.2
CS-DEL-JAI-08,Evening (18:00-24:00),22.0,0.86,3,21.0
CS-DEL-JAI-08,Night (00:00-06:00),3.0,0.95,0,3.5
CS-DEL-JAI-09,Morning (06:00-12:00),9.0,0.93,1,9.5
CS-DEL-JAI-09,Afternoon (12:00-18:00),14.0,0.89,2,13.8
CS-DEL-JAI-09,Evening (18:00-24:00),20.0,0.86,2,19.2
CS-DEL-JAI-09,Night (00:00-06:00),2.0,0.96,0,2.5

CS-JAI-DEL-01,Morning (06:00-12:00),8.0,0.93,1,8.5
CS-JAI-DEL-01,Afternoon (12:00-18:00),12.0,0.90,1,11.8
CS-JAI-DEL-01,Evening (18:00-24:00),18.0,0.87,2,17.5
CS-JAI-DEL-01,Night (00:00-06:00),0.0,0.97,0,1.0
CS-JAI-DEL-02,Morning (06:00-12:00),10.0,0.91,1,10.2
CS-JAI-DEL-02,Afternoon (12:00-18:00),16.0,0.88,2,15.5
CS-JAI-DEL-02,Evening (18:00-24:00),22.0,0.85,3,21.0
CS-JAI-DEL-02,Night (00:00-06:00),2.0,0.96,0,2.5
CS-JAI-DEL-03,Morning (06:00-12:00),6.0,0.94,1,6.5
CS-JAI-DEL-03,Afternoon (12:00-18:00),11.0,0.91,1,10.5
CS-JAI-DEL-03,Evening (18:00-24:00),15.0,0.89,2,14.8
CS-JAI-DEL-03,Night (00:00-06:00),0.0,0.98,0,0.8
CS-JAI-DEL-04,Morning (06:00-12:00),16.0,0.88,2,15.8
CS-JAI-DEL-04,Afternoon (12:00-18:00),24.0,0.85,3,23.2
CS-JAI-DEL-04,Evening (18:00-24:00),28.0,0.83,4,27.5
CS-JAI-DEL-04,Night (00:00-06:00),6.0,0.93,1,6.0
CS-JAI-DEL-05,Morning (06:00-12:00),4.0,0.96,0,4.5
CS-JAI-DEL-05,Afternoon (12:00-18:00),6.0,0.94,1,6.8
CS-JAI-DEL-05,Evening (18:00-24:00),10.0,0.91,1,10.0
CS-JAI-DEL-05,Night (00:00-06:00),0.0,0.99,0,0.5
CS-JAI-DEL-06,Morning (06:00-12:00),7.0,0.93,1,7.5
CS-JAI-DEL-06,Afternoon (12:00-18:00),13.0,0.89,2,12.8
CS-JAI-DEL-06,Evening (18:00-24:00),17.0,0.87,2,16.5
CS-JAI-DEL-06,Night (00:00-06:00),0.0,0.97,0,1.2
CS-JAI-DEL-07,Morning (06:00-12:00),11.0,0.92,1,11.2
CS-JAI-DEL-07,Afternoon (12:00-18:00),16.0,0.89,2,15.8
CS-JAI-DEL-07,Evening (18:00-24:00),22.0,0.86,3,21.0
CS-JAI-DEL-07,Night (00:00-06:00),2.0,0.96,0,2.8
CS-JAI-DEL-08,Morning (06:00-12:00),8.0,0.94,1,8.5
CS-JAI-DEL-08,Afternoon (12:00-18:00),13.0,0.90,1,12.5
CS-JAI-DEL-08,Evening (18:00-24:00),19.0,0.87,2,18.0
CS-JAI-DEL-08,Night (00:00-06:00),0.0,0.98,0,1.0
CS-JAI-DEL-09,Morning (06:00-12:00),14.0,0.91,2,13.8
CS-JAI-DEL-09,Afternoon (12:00-18:00),21.0,0.88,3,20.0
CS-JAI-DEL-09,Evening (18:00-24:00),26.0,0.85,4,25.2
CS-JAI-DEL-09,Night (00:00-06:00),4.0,0.95,0,4.2

CS-MUM-PUN-01,Morning (06:00-12:00),12.0,0.91,1,11.5
CS-MUM-PUN-01,Afternoon (12:00-18:00),18.0,0.88,2,17.2
CS-MUM-PUN-01,Evening (18:00-24:00),24.0,0.85,3,23.0
CS-MUM-PUN-01,Night (00:00-06:00),3.0,0.96,0,3.0
CS-MUM-PUN-02,Morning (06:00-12:00),10.0,0.92,1,9.8
CS-MUM-PUN-02,Afternoon (12:00-18:00),15.0,0.89,2,14.5
CS-MUM-PUN-02,Evening (18:00-24:00),20.0,0.87,2,19.2
CS-MUM-PUN-02,Night (00:00-06:00),2.0,0.97,0,2.0
CS-MUM-PUN-03,Morning (06:00-12:00),6.0,0.95,1,6.2
CS-MUM-PUN-03,Afternoon (12:00-18:00),8.0,0.93,1,8.0
CS-MUM-PUN-03,Evening (18:00-24:00),14.0,0.90,2,13.5
CS-MUM-PUN-03,Night (00:00-06:00),0.0,0.99,0,0.8
CS-MUM-PUN-04,Morning (06:00-12:00),5.0,0.95,1,5.5
CS-MUM-PUN-04,Afternoon (12:00-18:00),9.0,0.92,1,9.0
CS-MUM-PUN-04,Evening (18:00-24:00),15.0,0.89,2,14.2
CS-MUM-PUN-04,Night (00:00-06:00),0.0,0.98,0,0.5
CS-MUM-PUN-05,Morning (06:00-12:00),14.0,0.90,2,13.8
CS-MUM-PUN-05,Afternoon (12:00-18:00),20.0,0.87,3,19.5
CS-MUM-PUN-05,Evening (18:00-24:00),26.0,0.84,3,25.0
CS-MUM-PUN-05,Night (00:00-06:00),4.0,0.95,0,3.8
CS-MUM-PUN-06,Morning (06:00-12:00),16.0,0.89,2,15.5
CS-MUM-PUN-06,Afternoon (12:00-18:00),22.0,0.86,3,21.5
CS-MUM-PUN-06,Evening (18:00-24:00),28.0,0.83,4,27.0
CS-MUM-PUN-06,Night (00:00-06:00),5.0,0.94,1,4.5

CS-PUN-MUM-01,Morning (06:00-12:00),14.0,0.90,2,13.5
CS-PUN-MUM-01,Afternoon (12:00-18:00),20.0,0.87,3,19.2
CS-PUN-MUM-01,Evening (18:00-24:00),26.0,0.84,3,25.0
CS-PUN-MUM-01,Night (00:00-06:00),4.0,0.95,0,3.5
CS-PUN-MUM-02,Morning (06:00-12:00),12.0,0.91,1,11.8
CS-PUN-MUM-02,Afternoon (12:00-18:00),18.0,0.88,2,17.5
CS-PUN-MUM-02,Evening (18:00-24:00),24.0,0.85,3,23.2
CS-PUN-MUM-02,Night (00:00-06:00),3.0,0.96,0,2.8
CS-PUN-MUM-03,Morning (06:00-12:00),5.0,0.95,1,5.2
CS-PUN-MUM-03,Afternoon (12:00-18:00),8.0,0.93,1,8.0
CS-PUN-MUM-03,Evening (18:00-24:00),13.0,0.90,2,12.8
CS-PUN-MUM-03,Night (00:00-06:00),0.0,0.98,0,0.5
CS-PUN-MUM-04,Morning (06:00-12:00),5.0,0.95,1,5.5
CS-PUN-MUM-04,Afternoon (12:00-18:00),8.0,0.93,1,8.2
CS-PUN-MUM-04,Evening (18:00-24:00),14.0,0.90,2,13.8
CS-PUN-MUM-04,Night (00:00-06:00),0.0,0.99,0,0.8
CS-PUN-MUM-05,Morning (06:00-12:00),11.0,0.92,1,10.5
CS-PUN-MUM-05,Afternoon (12:00-18:00),16.0,0.89,2,15.2
CS-PUN-MUM-05,Evening (18:00-24:00),22.0,0.86,3,21.0
CS-PUN-MUM-05,Night (00:00-06:00),2.0,0.96,0,2.2
CS-PUN-MUM-06,Morning (06:00-12:00),13.0,0.91,1,12.5
CS-PUN-MUM-06,Afternoon (12:00-18:00),19.0,0.88,2,18.0
CS-PUN-MUM-06,Evening (18:00-24:00),25.0,0.85,3,24.2
CS-PUN-MUM-06,Night (00:00-06:00),3.0,0.95,0,3.0

CS-BLR-CHE-01,Morning (06:00-12:00),15.0,0.91,2,14.5
CS-BLR-CHE-01,Afternoon (12:00-18:00),22.0,0.87,3,21.2
CS-BLR-CHE-01,Evening (18:00-24:00),28.0,0.84,4,27.0
CS-BLR-CHE-01,Night (00:00-06:00),4.0,0.95,0,3.8
CS-BLR-CHE-02,Morning (06:00-12:00),10.0,0.93,1,9.8
CS-BLR-CHE-02,Afternoon (12:00-18:00),16.0,0.89,2,15.5
CS-BLR-CHE-02,Evening (18:00-24:00),21.0,0.86,3,20.2
CS-BLR-CHE-02,Night (00:00-06:00),2.0,0.96,0,2.0
CS-BLR-CHE-03,Morning (06:00-12:00),6.0,0.95,1,6.0
CS-BLR-CHE-03,Afternoon (12:00-18:00),9.0,0.92,1,9.2
CS-BLR-CHE-03,Evening (18:00-24:00),15.0,0.89,2,14.5
CS-BLR-CHE-03,Night (00:00-06:00),0.0,0.98,0,0.8
CS-BLR-CHE-04,Morning (06:00-12:00),4.0,0.96,0,4.2
CS-BLR-CHE-04,Afternoon (12:00-18:00),7.0,0.94,1,7.0
CS-BLR-CHE-04,Evening (18:00-24:00),11.0,0.91,1,10.8
CS-BLR-CHE-04,Night (00:00-06:00),0.0,0.99,0,0.4
CS-BLR-CHE-05,Morning (06:00-12:00),8.0,0.93,1,8.0
CS-BLR-CHE-05,Afternoon (12:00-18:00),14.0,0.90,2,13.5
CS-BLR-CHE-05,Evening (18:00-24:00),18.0,0.87,2,17.2
CS-BLR-CHE-05,Night (00:00-06:00),1.0,0.97,0,1.5
CS-BLR-CHE-06,Morning (06:00-12:00),12.0,0.91,1,11.8
CS-BLR-CHE-06,Afternoon (12:00-18:00),18.0,0.88,2,17.5
CS-BLR-CHE-06,Evening (18:00-24:00),24.0,0.85,3,23.0
CS-BLR-CHE-06,Night (00:00-06:00),3.0,0.95,0,3.2
CS-BLR-CHE-07,Morning (06:00-12:00),14.0,0.90,2,13.5
CS-BLR-CHE-07,Afternoon (12:00-18:00),20.0,0.87,3,19.2
CS-BLR-CHE-07,Evening (18:00-24:00),26.0,0.84,3,25.0
CS-BLR-CHE-07,Night (00:00-06:00),4.0,0.95,0,3.5
CS-BLR-CHE-08,Morning (06:00-12:00),7.0,0.94,1,7.2
CS-BLR-CHE-08,Afternoon (12:00-18:00),12.0,0.91,1,11.8
CS-BLR-CHE-08,Evening (18:00-24:00),17.0,0.88,2,16.5
CS-BLR-CHE-08,Night (00:00-06:00),0.0,0.98,0,1.0
CS-BLR-CHE-09,Morning (06:00-12:00),11.0,0.92,1,10.8
CS-BLR-CHE-09,Afternoon (12:00-18:00),17.0,0.89,2,16.2
CS-BLR-CHE-09,Evening (18:00-24:00),23.0,0.86,3,22.0
CS-BLR-CHE-09,Night (00:00-06:00),2.0,0.96,0,2.5

CS-CHE-BLR-01,Morning (06:00-12:00),10.0,0.92,1,10.0
CS-CHE-BLR-01,Afternoon (12:00-18:00),16.0,0.89,2,15.5
CS-CHE-BLR-01,Evening (18:00-24:00),22.0,0.86,3,21.2
CS-CHE-BLR-01,Night (00:00-06:00),2.0,0.96,0,2.2
CS-CHE-BLR-02,Morning (06:00-12:00),7.0,0.94,1,7.0
CS-CHE-BLR-02,Afternoon (12:00-18:00),11.0,0.91,1,11.0
CS-CHE-BLR-02,Evening (18:00-24:00),16.0,0.88,2,15.8
CS-CHE-BLR-02,Night (00:00-06:00),0.0,0.98,0,1.0
CS-CHE-BLR-03,Morning (06:00-12:00),13.0,0.90,2,12.8
CS-CHE-BLR-03,Afternoon (12:00-18:00),19.0,0.87,3,18.5
CS-CHE-BLR-03,Evening (18:00-24:00),25.0,0.84,3,24.2
CS-CHE-BLR-03,Night (00:00-06:00),3.0,0.95,0,3.2
CS-CHE-BLR-04,Morning (06:00-12:00),11.0,0.91,1,10.8
CS-CHE-BLR-04,Afternoon (12:00-18:00),17.0,0.88,2,16.5
CS-CHE-BLR-04,Evening (18:00-24:00),23.0,0.85,3,22.0
CS-CHE-BLR-04,Night (00:00-06:00),2.0,0.96,0,2.5
CS-CHE-BLR-05,Morning (06:00-12:00),8.0,0.93,1,8.0
CS-CHE-BLR-05,Afternoon (12:00-18:00),13.0,0.90,2,12.8
CS-CHE-BLR-05,Evening (18:00-24:00),18.0,0.87,2,17.5
CS-CHE-BLR-05,Night (00:00-06:00),1.0,0.97,0,1.2
CS-CHE-BLR-06,Morning (06:00-12:00),4.0,0.96,0,4.0
CS-CHE-BLR-06,Afternoon (12:00-18:00),7.0,0.94,1,6.8
CS-CHE-BLR-06,Evening (18:00-24:00),11.0,0.91,1,10.5
CS-CHE-BLR-06,Night (00:00-06:00),0.0,0.99,0,0.4
CS-CHE-BLR-07,Morning (06:00-12:00),6.0,0.95,1,6.0
CS-CHE-BLR-07,Afternoon (12:00-18:00),9.0,0.92,1,9.0
CS-CHE-BLR-07,Evening (18:00-24:00),14.0,0.89,2,13.8
CS-CHE-BLR-07,Night (00:00-06:00),0.0,0.98,0,0.6
CS-CHE-BLR-08,Morning (06:00-12:00),9.0,0.93,1,9.0
CS-CHE-BLR-08,Afternoon (12:00-18:00),15.0,0.89,2,14.5
CS-CHE-BLR-08,Evening (18:00-24:00),20.0,0.86,3,19.2
CS-CHE-BLR-08,Night (00:00-06:00),2.0,0.96,0,1.8
CS-CHE-BLR-09,Morning (06:00-12:00),14.0,0.91,2,13.8
CS-CHE-BLR-09,Afternoon (12:00-18:00),21.0,0.87,3,20.5
CS-CHE-BLR-09,Evening (18:00-24:00),27.0,0.84,4,26.0
CS-CHE-BLR-09,Night (00:00-06:00),4.0,0.95,0,3.5

CS-DEL-AGR-01,Morning (06:00-12:00),12.0,0.91,1,11.5
CS-DEL-AGR-01,Afternoon (12:00-18:00),18.0,0.88,2,17.2
CS-DEL-AGR-01,Evening (18:00-24:00),24.0,0.85,3,23.0
CS-DEL-AGR-01,Night (00:00-06:00),3.0,0.96,0,2.8
CS-DEL-AGR-02,Morning (06:00-12:00),5.0,0.95,1,5.2
CS-DEL-AGR-02,Afternoon (12:00-18:00),8.0,0.93,1,8.0
CS-DEL-AGR-02,Evening (18:00-24:00),14.0,0.90,2,13.5
CS-DEL-AGR-02,Night (00:00-06:00),0.0,0.98,0,0.8
CS-DEL-AGR-03,Morning (06:00-12:00),4.0,0.96,0,4.2
CS-DEL-AGR-03,Afternoon (12:00-18:00),6.0,0.94,1,6.5
CS-DEL-AGR-03,Evening (18:00-24:00),10.0,0.91,1,10.0
CS-DEL-AGR-03,Night (00:00-06:00),0.0,0.99,0,0.5
CS-DEL-AGR-04,Morning (06:00-12:00),10.0,0.92,1,9.8
CS-DEL-AGR-04,Afternoon (12:00-18:00),15.0,0.89,2,14.5
CS-DEL-AGR-04,Evening (18:00-24:00),20.0,0.87,2,19.2
CS-DEL-AGR-04,Night (00:00-06:00),2.0,0.97,0,2.0
CS-DEL-AGR-05,Morning (06:00-12:00),11.0,0.91,1,10.8
CS-DEL-AGR-05,Afternoon (12:00-18:00),17.0,0.88,2,16.2
CS-DEL-AGR-05,Evening (18:00-24:00),22.0,0.85,3,21.5
CS-DEL-AGR-05,Night (00:00-06:00),2.0,0.96,0,2.2

CS-AGR-DEL-01,Morning (06:00-12:00),11.0,0.91,1,10.5
CS-AGR-DEL-01,Afternoon (12:00-18:00),16.0,0.88,2,15.8
CS-AGR-DEL-01,Evening (18:00-24:00),22.0,0.85,3,21.0
CS-AGR-DEL-01,Night (00:00-06:00),2.0,0.96,0,2.0
CS-AGR-DEL-02,Morning (06:00-12:00),9.0,0.92,1,9.2
CS-AGR-DEL-02,Afternoon (12:00-18:00),14.0,0.89,2,13.8
CS-AGR-DEL-02,Evening (18:00-24:00),19.0,0.87,2,18.5
CS-AGR-DEL-02,Night (00:00-06:00),1.0,0.97,0,1.5
CS-AGR-DEL-03,Morning (06:00-12:00),4.0,0.96,0,4.0
CS-AGR-DEL-03,Afternoon (12:00-18:00),6.0,0.94,1,6.2
CS-AGR-DEL-03,Evening (18:00-24:00),10.0,0.91,1,9.8
CS-AGR-DEL-03,Night (00:00-06:00),0.0,0.99,0,0.5
CS-AGR-DEL-04,Morning (06:00-12:00),5.0,0.95,1,5.0
CS-AGR-DEL-04,Afternoon (12:00-18:00),8.0,0.93,1,8.0
CS-AGR-DEL-04,Evening (18:00-24:00),13.0,0.90,2,13.0
CS-AGR-DEL-04,Night (00:00-06:00),0.0,0.98,0,0.6
CS-AGR-DEL-05,Morning (06:00-12:00),12.0,0.91,1,11.5
CS-AGR-DEL-05,Afternoon (12:00-18:00),18.0,0.88,2,17.2
CS-AGR-DEL-05,Evening (18:00-24:00),24.0,0.85,3,23.5
CS-AGR-DEL-05,Night (00:00-06:00),3.0,0.96,0,2.8

CS-BLR-MYS-01,Morning (06:00-12:00),8.0,0.92,1,8.2
CS-BLR-MYS-01,Afternoon (12:00-18:00),14.0,0.89,2,13.5
CS-BLR-MYS-01,Evening (18:00-24:00),18.0,0.86,2,17.5
CS-BLR-MYS-01,Night (00:00-06:00),1.0,0.96,0,1.2
CS-BLR-MYS-02,Morning (06:00-12:00),9.0,0.92,1,9.0
CS-BLR-MYS-02,Afternoon (12:00-18:00),15.0,0.89,2,14.2
CS-BLR-MYS-02,Evening (18:00-24:00),19.0,0.86,2,18.5
CS-BLR-MYS-02,Night (00:00-06:00),2.0,0.96,0,1.8
CS-BLR-MYS-03,Morning (06:00-12:00),5.0,0.95,1,5.2
CS-BLR-MYS-03,Afternoon (12:00-18:00),8.0,0.93,1,8.0
CS-BLR-MYS-03,Evening (18:00-24:00),13.0,0.90,2,12.8
CS-BLR-MYS-03,Night (00:00-06:00),0.0,0.98,0,0.5
CS-BLR-MYS-04,Morning (06:00-12:00),4.0,0.96,0,4.0
CS-BLR-MYS-04,Afternoon (12:00-18:00),6.0,0.94,1,6.2
CS-BLR-MYS-04,Evening (18:00-24:00),10.0,0.91,1,9.8
CS-BLR-MYS-04,Night (00:00-06:00),0.0,0.99,0,0.4
CS-BLR-MYS-05,Morning (06:00-12:00),6.0,0.94,1,6.2
CS-BLR-MYS-05,Afternoon (12:00-18:00),10.0,0.91,1,9.8
CS-BLR-MYS-05,Evening (18:00-24:00),15.0,0.88,2,14.5
CS-BLR-MYS-05,Night (00:00-06:00),0.0,0.98,0,0.8
CS-BLR-MYS-06,Morning (06:00-12:00),8.0,0.93,1,8.0
CS-BLR-MYS-06,Afternoon (12:00-18:00),13.0,0.90,2,12.5
CS-BLR-MYS-06,Evening (18:00-24:00),18.0,0.87,2,17.2
CS-BLR-MYS-06,Night (00:00-06:00),1.0,0.97,0,1.2

CS-MYS-BLR-01,Morning (06:00-12:00),7.0,0.93,1,7.2
CS-MYS-BLR-01,Afternoon (12:00-18:00),12.0,0.90,1,11.8
CS-MYS-BLR-01,Evening (18:00-24:00),17.0,0.87,2,16.5
CS-MYS-BLR-01,Night (00:00-06:00),1.0,0.97,0,1.0
CS-MYS-BLR-02,Morning (06:00-12:00),6.0,0.94,1,6.0
CS-MYS-BLR-02,Afternoon (12:00-18:00),10.0,0.91,1,9.5
CS-MYS-BLR-02,Evening (18:00-24:00),14.0,0.88,2,14.0
CS-MYS-BLR-02,Night (00:00-06:00),0.0,0.98,0,0.6
CS-MYS-BLR-03,Morning (06:00-12:00),3.0,0.96,0,3.5
CS-MYS-BLR-03,Afternoon (12:00-18:00),5.0,0.94,1,5.5
CS-MYS-BLR-03,Evening (18:00-24:00),9.0,0.91,1,9.0
CS-MYS-BLR-03,Night (00:00-06:00),0.0,0.99,0,0.3
CS-MYS-BLR-04,Morning (06:00-12:00),5.0,0.95,1,5.0
CS-MYS-BLR-04,Afternoon (12:00-18:00),8.0,0.93,1,8.0
CS-MYS-BLR-04,Evening (18:00-24:00),13.0,0.90,2,12.5
CS-MYS-BLR-04,Night (00:00-06:00),0.0,0.98,0,0.5
CS-MYS-BLR-05,Morning (06:00-12:00),8.0,0.92,1,8.2
CS-MYS-BLR-05,Afternoon (12:00-18:00),14.0,0.89,2,13.8
CS-MYS-BLR-05,Evening (18:00-24:00),18.0,0.86,2,17.5
CS-MYS-BLR-05,Night (00:00-06:00),2.0,0.96,0,1.8
CS-MYS-BLR-06,Morning (06:00-12:00),9.0,0.92,1,9.0
CS-MYS-BLR-06,Afternoon (12:00-18:00),15.0,0.89,2,14.5
CS-MYS-BLR-06,Evening (18:00-24:00),20.0,0.86,3,19.2
CS-MYS-BLR-06,Night (00:00-06:00),2.0,0.96,0,2.0

CS-MUM-SUR-01,Morning (06:00-12:00),14.0,0.90,2,13.5
CS-MUM-SUR-01,Afternoon (12:00-18:00),20.0,0.87,3,19.5
CS-MUM-SUR-01,Evening (18:00-24:00),26.0,0.84,3,25.0
CS-MUM-SUR-01,Night (00:00-06:00),4.0,0.95,0,3.8
CS-MUM-SUR-02,Morning (06:00-12:00),9.0,0.93,1,9.0
CS-MUM-SUR-02,Afternoon (12:00-18:00),15.0,0.89,2,14.8
CS-MUM-SUR-02,Evening (18:00-24:00),20.0,0.86,3,19.5
CS-MUM-SUR-02,Night (00:00-06:00),2.0,0.96,0,1.8
CS-MUM-SUR-03,Morning (06:00-12:00),5.0,0.95,1,5.2
CS-MUM-SUR-03,Afternoon (12:00-18:00),8.0,0.93,1,8.0
CS-MUM-SUR-03,Evening (18:00-24:00),14.0,0.90,2,13.5
CS-MUM-SUR-03,Night (00:00-06:00),0.0,0.98,0,0.8
CS-MUM-SUR-04,Morning (06:00-12:00),4.0,0.96,0,4.0
CS-MUM-SUR-04,Afternoon (12:00-18:00),6.0,0.94,1,6.2
CS-MUM-SUR-04,Evening (18:00-24:00),10.0,0.91,1,9.8
CS-MUM-SUR-04,Night (00:00-06:00),0.0,0.99,0,0.4
CS-MUM-SUR-05,Morning (06:00-12:00),8.0,0.93,1,8.2
CS-MUM-SUR-05,Afternoon (12:00-18:00),13.0,0.90,2,12.8
CS-MUM-SUR-05,Evening (18:00-24:00),18.0,0.87,2,17.5
CS-MUM-SUR-05,Night (00:00-06:00),1.0,0.97,0,1.5
CS-MUM-SUR-06,Morning (06:00-12:00),11.0,0.91,1,10.8
CS-MUM-SUR-06,Afternoon (12:00-18:00),17.0,0.88,2,16.5
CS-MUM-SUR-06,Evening (18:00-24:00),23.0,0.85,3,22.2
CS-MUM-SUR-06,Night (00:00-06:00),2.0,0.96,0,2.5

CS-SUR-MUM-01,Morning (06:00-12:00),10.0,0.92,1,10.0
CS-SUR-MUM-01,Afternoon (12:00-18:00),16.0,0.89,2,15.5
CS-SUR-MUM-01,Evening (18:00-24:00),21.0,0.86,3,20.5
CS-SUR-MUM-01,Night (00:00-06:00),2.0,0.96,0,2.0
CS-SUR-MUM-02,Morning (06:00-12:00),7.0,0.93,1,7.2
CS-SUR-MUM-02,Afternoon (12:00-18:00),12.0,0.90,1,11.8
CS-SUR-MUM-02,Evening (18:00-24:00),17.0,0.87,2,16.8
CS-SUR-MUM-02,Night (00:00-06:00),1.0,0.97,0,1.2
CS-SUR-MUM-03,Morning (06:00-12:00),4.0,0.96,0,4.2
CS-SUR-MUM-03,Afternoon (12:00-18:00),6.0,0.94,1,6.5
CS-SUR-MUM-03,Evening (18:00-24:00),10.0,0.91,1,10.0
CS-SUR-MUM-03,Night (00:00-06:00),0.0,0.99,0,0.5
CS-SUR-MUM-04,Morning (06:00-12:00),5.0,0.95,1,5.0
CS-SUR-MUM-04,Afternoon (12:00-18:00),8.0,0.93,1,8.0
CS-SUR-MUM-04,Evening (18:00-24:00),13.0,0.90,2,13.0
CS-SUR-MUM-04,Night (00:00-06:00),0.0,0.98,0,0.6
CS-SUR-MUM-05,Morning (06:00-12:00),8.0,0.93,1,8.5
CS-SUR-MUM-05,Afternoon (12:00-18:00),14.0,0.89,2,13.8
CS-SUR-MUM-05,Evening (18:00-24:00),19.0,0.86,2,18.5
CS-SUR-MUM-05,Night (00:00-06:00),1.0,0.97,0,1.5
CS-SUR-MUM-06,Morning (06:00-12:00),13.0,0.91,1,12.8
CS-SUR-MUM-06,Afternoon (12:00-18:00),19.0,0.88,2,18.5
CS-SUR-MUM-06,Evening (18:00-24:00),25.0,0.85,3,24.0
CS-SUR-MUM-06,Night (00:00-06:00),3.0,0.95,0,3.2
